Name,Age,Height,Gender,Nationality,Income,Occupation
Max Müller,34,180,Male,German,45000,Software Developer
Julia Schmidt,28,168,Female,German,38000,Nurse
Liam O'Connor,42,175,Male,Irish,62000,Project Manager
Sophia Rossi,31,165,Female,Italian,54000,Architect
Jan Kowalski,39,182,Male,Polish,29000,Warehouse Worker
Emma Weber,25,170,Female,German,41000,Marketing Manager
Noah Schneider,55,178,Male,German,75000,Bank Clerk
Mia Fischer,29,164,Female,German,32000,Childcare Worker
Lucas Dubois,36,185,Male,French,58000,Engineer
Olivia Jones,27,172,Female,British,46000,Graphic Designer
Leon Meyer,48,176,Male,German,82000,Management Consultant
Hanna Wagner,33,169,Female,German,39000,Office Clerk
Elias Becker,22,181,Male,German,24000,Student (Business Informatics)
Isabella Garcia,40,166,Female,Spanish,49000,Teacher
Ben Hoffmann,51,179,Male,German,67000,Electrician
Lina Schäfer,30,167,Female,German,43000,HR Specialist
Finn Koch,26,183,Male,German,36000,Mechatronics Technician
Emily Bauer,35,171,Female,German,51000,Pharmacist
Paul Richter,62,174,Male,German,55000,Bus Driver
Marie Klein,24,163,Female,German,28000,Hairdresser
Felix Wolf,38,188,Male,German,90000,Lawyer
Amelie Schröder,41,173,Female,German,47000,Journalist
Jakob Neumann,29,177,Male,German,34000,Cook
Charlotte Schwarz,53,168,Female,German,64000,Physician
Matteo Bianchi,32,180,Male,Italian,40000,Sales Representative
Laura Zimmermann,27,165,Female,German,31000,Social Worker
David Krüger,44,184,Male,German,72000,IT System Administrator
Lara Hofmann,37,170,Female,German,53000,Biologist
Tim Hartmann,23,178,Male,German,22000,Apprentice
Sara Yilmaz,34,166,Female,Turkish,44000,Accountant
Anton Lange,58,175,Male,German,68000,Civil Engineer
Melanie Werner,46,172,Female,German,50000,Real Estate Agent
Julian Schmitt,31,186,Male,German,59000,Data Scientist
Lena Krause,28,169,Female,German,35000,Salesperson
Philipp Meier,49,182,Male,German,95000,Managing Director
Johanna Lehmann,43,167,Female,German,42000,Secretary
Niklas Köhler,25,176,Male,German,33000,Police Officer
Lea Huber,29,164,Female,German,37000,Speech Therapist
Alexander Kaiser,54,180,Male,German,78000,University Professor
Sophie Fuchs,36,171,Female,German,48000,Event Manager
Maximilian Peters,30,183,Male,German,52000,Controller
Clara Lang,26,168,Female,German,30000,Physiotherapist
Simon Scholz,47,179,Male,German,61000,Roofer
Nele Jung,32,165,Female,German,45000,Translator
Moritz Vogel,39,185,Male,German,66000,Chemist
Frieda Möller,61,162,Female,German,38000,Librarian
Hannes Friedrich,28,177,Male,German,41000,Insurance Agent
Annika Günther,35,170,Female,German,56000,Psychologist
Tobias Keller,42,181,Male,German,49000,Plumber
Katharina Roth,33,166,Female,German,39000,Florist
Jonas Berger,27,178,Male,German,43000,Web Designer
Lisa Winkler,50,169,Female,German,70000,Tax Advisor
Florian Frank,31,184,Male,German,55000,Mechanical Engineer
Mara Beck,24,164,Female,German,29000,Hotel Clerk
Erik Lorenz,45,182,Male,German,63000,Auto Mechanic
Viktoria Baumeister,38,173,Female,German,52000,Editor
Samuel Albrecht,29,176,Male,German,37000,Gardener
Pia Ludwig,26,167,Female,German,34000,Veterinary Assistant
Christian Böhm,56,180,Male,German,88000,Pilot
Anja Seidel,40,171,Female,German,46000,Travel Agent
Sebastian Otto,34,185,Male,German,59000,Safety Engineer
Celine Winter,23,165,Female,German,25000,Student (Medicine)
Kevin Busch,30,179,Male,German,42000,Truck Driver
Nadine Graf,43,168,Female,German,48000,Dietician
Tom Brand,28,181,Male,German,39000,Fitness Trainer
Sarah Kurz,37,170,Female,German,54000,PR Consultant
Daniel Schreiber,52,183,Male,German,73000,Dentist
Jule Hirsch,31,166,Female,German,36000,Optician
Marcel Unger,25,177,Male,German,33000,Paramedic
Elisa Kühn,29,164,Female,German,41000,Photographer
Dennis Pohl,44,182,Male,German,60000,Carpenter
Sina Voigt,35,172,Female,German,47000,Interior Designer
Andreas Horn,59,178,Male,German,65000,Caretaker
Nina Hacker,27,169,Female,German,38000,Beautician
Markus Stein,41,184,Male,German,77000,Judge
Franziska Wolff,32,167,Female,German,44000,Fashion Designer
Timo Beyer,36,180,Male,German,53000,Farmers
Kim Sommer,24,163,Female,German,31000,Dental Assistant
Patrick Stahl,48,186,Male,German,85000,Fund Manager
Verena May,39,170,Female,German,50000,HR Manager
Oliver Kraft,26,179,Male,German,40000,IT Specialist
Elena Hempel,30,165,Female,German,35000,Baker
Stefan Schuster,55,181,Male,German,69000,Notary
Miriam Bruns,33,168,Female,German,43000,Cultural Manager
Manuel Giese,28,177,Male,German,37000,Painter
Tanja Lindner,42,171,Female,German,51000,Nutritionist
Robin Schütz,31,183,Male,German,48000,Video Editor
Jasmin Konrad,37,166,Female,German,56000,Market Researcher
Nico Eckert,25,180,Male,German,32000,Postal Worker
Sandra Wendt,46,172,Female,German,49000,Interior Decorator
Fabian Ott,34,185,Male,German,62000,Geologist
Vanessa Reimann,29,169,Female,German,39000,Flight Attendant
Hendrik Barth,57,178,Male,German,74000,Archivist
Carolin Probst,38,167,Female,German,53000,Editor
Marius Schilling,30,182,Male,German,45000,Sports Journalist
Kerstin Diehl,51,170,Female,German,58000,Administrative Officer
Adrian Thiele,27,176,Male,German,36000,Driving Instructor
Leonie Fröhlich,23,164,Female,German,26000,Call Center Agent
Sascha Arnold,40,184,Male,German,67000,Network Technician
Theresa Blum,29,168,Female,German,42000,Project Coordinator
Ralf König,37,181,Male,German,56000,IT Consultant
Helene Maurer,33,170,Female,German,48000,Content Manager
Dirk Albers,45,178,Male,German,61000,Product Manager
Birgit Sommerfeld,41,166,Female,German,52000,HR Specialist
Sven Hartwig,27,182,Male,German,39000,Technician
Katrin Eberle,35,167,Female,German,51000,Marketing Specialist
Torben Reuter,32,176,Male,German,47000,Internal Sales
Nora Kirchhoff,28,164,Female,German,36000,Social Media Manager
Uwe Kramer,54,180,Male,German,78000,Financial Analyst
Peter Sauer,49,183,Male,German,69000,Project Manager
Heike Buschmann,38,165,Female,German,50000,UX Designer
Björn Adler,31,177,Male,German,53000,Systems Engineer
Yvonne Kranz,26,169,Female,German,35000,Executive Assistant
Holger Pfeiffer,44,175,Male,German,62000,Supply Chain Manager
Stefanie Krüger,30,171,Female,German,45000,Education Officer
Gerrit Albrecht,36,184,Male,German,64000,Data Engineer
Luisa Neubauer,25,163,Female,German,32000,Junior Analyst
Michael Brandt,52,179,Male,German,72000,Key Account Manager
Claudia Heine,39,168,Female,German,54000,Project Controller
Jörg Döring,47,182,Male,German,61000,Construction Technician
Vivien Roth,34,170,Female,German,48000,Change Manager
Pascal Wagner,29,177,Male,German,41000,Quality Manager
Larissa Voss,31,165,Female,German,46000,Event Coordinator
Marko Reinhardt,40,180,Male,German,68000,Process Manager
Tamara Fiedler,28,172,Female,German,39000,Customer Advisor
Klaus Seifert,55,178,Male,German,80000,Auditor
Iris Feldmann,33,166,Female,German,52000,Editorial Manager
Carsten Baum,37,181,Male,German,60000,Compliance Manager
Selina Vogt,30,168,Female,German,43000,Research Assistant
Henrik Paulsen,42,176,Male,German,70000,Strategy Consultant
Mareike Dürr,35,167,Female,German,51000,Product Developer
Nils Jansen,27,183,Male,German,38000,Junior Developer
Veronika Stahl,29,164,Female,German,36000,Media Designer
Oliver Bentz,46,182,Male,German,65000,IT Architect
Heidi Berger,31,170,Female,German,49000,Online Editor
Tobias Funk,38,179,Male,German,58000,Sales Director
Anke Lorenz,32,171,Female,German,47000,Product Coordinator
Marten Köster,50,184,Male,German,73000,Senior Analyst
Ricarda Blum,26,165,Female,German,34000,Research Associate
Stefan Köhn,43,181,Male,German,69000,IT Service Manager
Annette Werner,37,169,Female,German,52000,Communications Manager
Fabian Kruse,28,177,Male,German,41000,Support Engineer
Kathrin Sauer,34,166,Female,German,49000,Staffing Specialist
Moritz Scholten,36,183,Male,German,63000,Cloud Engineer
Leonie Brand,30,168,Female,German,45000,Events Manager
Christian Hahn,48,180,Male,German,82000,Corporate Lawyer
Sarah Pfeil,27,172,Female,German,37000,PR Manager
Janis Kort,33,175,Male,German,52000,Product Analyst
Mona Reich,31,167,Female,German,48000,Account Manager
Philipp Kranz,29,178,Male,German,43000,IT Project Coordinator
Fiona Weiß,26,164,Female,German,35000,Marketing Copywriter
Dominik Sauter,41,182,Male,German,70000,Research Manager
Nadine Peters,35,169,Female,German,50000,Learning and Development Specialist
Sebastian Franke,38,181,Male,German,62000,Operations Manager
Katrin Rau,32,170,Female,German,47000,Sales Manager
Jonas Kirsch,27,176,Male,German,39000,Business Analyst
Elena Vogler,28,165,Female,German,36000,Community Manager
Marcel König,45,178,Male,German,65000,Team Leader
Bianca Sturm,31,171,Female,German,49000,Project Manager
Julius Kern,33,183,Male,German,61000,Software Tester
Theresa Ulrich,29,168,Female,German,42000,Data Analyst
Steffen Arnold,40,180,Male,German,68000,Lean Manager
Klara Busch,26,166,Female,German,34000,Office Assistant
Felix Bach,35,179,Male,German,54000,Mechanical Technician
Laura Fink,28,167,Female,German,39000,Customer Service Specialist
Patrick Gross,52,181,Male,German,73000,Financial Controller
Vanessa Ulmer,30,165,Female,German,45000,Supply Chain Analyst
Timo Graf,36,184,Male,German,62000,Electrical Engineer
Julia Böhler,29,169,Female,German,41000,Product Designer
Christian Mertens,44,182,Male,German,66000,IT Systems Administrator
Nina Scholl,27,164,Female,German,36000,Assistant
Robert Kuhn,39,176,Male,German,56000,Sales Controller
Carla Busch,31,170,Female,German,48000,UX Researcher
Daniel Förster,47,178,Male,German,61000,Maintenance Manager
Sarah Korn,32,167,Female,German,47000,Project Administrator
Martin Abel,34,183,Male,German,59000,Network Administrator
Eva Lutz,28,165,Female,German,39000,HR Generalist
Julian Voß,30,180,Male,German,52000,Release Manager
Miriam König,29,168,Female,German,43000,Office Manager
Andre Pfeil,41,182,Male,German,69000,Production Planner
Helena Strauß,35,171,Female,German,51000,Market Research Analyst
Roman Dietz,33,177,Male,German,54000,Application Support Specialist
Lisa Hart,26,163,Female,German,33000,Junior Project Manager
Kevin Arnold,38,185,Male,German,62000,IT Security Officer
Carolin Adler,31,169,Female,German,49000,Recruiter
Svenja Krämer,27,166,Female,German,36000,Content Specialist
Thomas Jäger,46,183,Male,German,66000,Senior Developer
Hannah Voigt,28,165,Female,German,40000,UX Writer
Rico Berg,40,180,Male,German,68000,Service Manager
Anne Keller,32,170,Female,German,47000,Project Leader
Günther Roth,55,178,Male,German,80000,Senior Auditor
Luisa Kraus,29,167,Female,German,42000,Community Lead
Stefan Horn,37,181,Male,German,60000,IT Coordinator
Marie Adler,33,169,Female,German,50000,Communication Designer
Dennis Hahn,28,176,Male,German,39000,Junior Consultant
Sabine Küster,31,165,Female,German,45000,Campaign Manager
Jonas Abel,34,182,Male,German,59000,Build Engineer
Katrin Weiß,30,168,Female,German,47000,Production Coordinator
Markus Kühn,42,180,Male,German,70000,Enterprise Architect
Vera Schütz,27,164,Female,German,36000,SEO Manager
Tim Hoff,36,184,Male,German,62000,Technical Writer
Elena Kern,28,169,Female,German,41000,Event Planner
Michael Sturm,44,182,Male,German,66000,IT Project Manager
Nadine Abel,29,165,Female,German,43000,HR Specialist
Lars Wilke,38,177,Male,German,61000,Operations Engineer
Kira Busch,31,171,Female,German,49000,Applications Manager
Oliver Jost,50,183,Male,German,73000,Senior Product Manager
Sophie Kern,26,167,Female,German,34000,Junior Controller
David Albers,35,179,Male,German,54000,Industrial Engineer
Paula König,28,168,Female,German,39000,Project Assistant

